trimestre,division,ice,type
T1/2010,"1- Alimentation, boissons et tabacs",152.9,export
T1/2010,2- Energie et lubrifiants,125.6,export
T1/2010,3- Produits bruts d'origine animale et vegetale,213.8,export
T1/2010,4- Produits bruts d'origine minerale,219.7,export
T1/2010,5- Demi-Produits,205.1,export
T1/2010,6- Produits finis d'equipement agricole,130.6,export
T1/2010,7- Produits finis d'equipement industriel,130.6,export
T1/2010,8- Produits finis de consommation,123.1,export
T1/2010,EXPORTATIONS,155.7,export
T1/2010,"1- Alimentation, boissons et tabacs",184.7,import
T1/2010,2- Energie et lubrifiants,280.9,import
T1/2010,3- Produits bruts d'origine animale et vegetale,198.2,import
T1/2010,4- Produits bruts d'origine minerale,174.9,import
T1/2010,5- Demi-Produits,182.0,import
T1/2010,6- Produits finis d'equipement agricole,167.6,import
T1/2010,7- Produits finis d'equipement industriel,160.7,import
T1/2010,8- Produits finis de consommation,164.9,import
T1/2010,IMPORTATIONS,189.9,import
T2/2010,"1- Alimentation, boissons et tabacs",157.8,export
T2/2010,2- Energie et lubrifiants,247.0,export
T2/2010,3- Produits bruts d'origine animale et vegetale,194.4,export
T2/2010,4- Produits bruts d'origine minerale,278.9,export
T2/2010,5- Demi-Produits,244.2,export
T2/2010,6- Produits finis d'equipement agricole,138.2,export
T2/2010,7- Produits finis d'equipement industriel,138.2,export
T2/2010,8- Produits finis de consommation,130.0,export
T2/2010,EXPORTATIONS,173.1,export
T2/2010,"1- Alimentation, boissons et tabacs",187.6,import
T2/2010,2- Energie et lubrifiants,280.0,import
T2/2010,3- Produits bruts d'origine animale et vegetale,265.5,import
T2/2010,4- Produits bruts d'origine minerale,202.0,import
T2/2010,5- Demi-Produits,192.4,import
T2/2010,6- Produits finis d'equipement agricole,198.3,import
T2/2010,7- Produits finis d'equipement industriel,197.2,import
T2/2010,8- Produits finis de consommation,162.2,import
T2/2010,IMPORTATIONS,202.8,import
T3/2010,"1- Alimentation, boissons et tabacs",163.3,export
T3/2010,2- Energie et lubrifiants,202.2,export
T3/2010,3- Produits bruts d'origine animale et vegetale,243.3,export
T3/2010,4- Produits bruts d'origine minerale,280.2,export
T3/2010,5- Demi-Produits,252.5,export
T3/2010,6- Produits finis d'equipement agricole,162.3,export
T3/2010,7- Produits finis d'equipement industriel,162.3,export
T3/2010,8- Produits finis de consommation,150.4,export
T3/2010,EXPORTATIONS,187.1,export
T3/2010,"1- Alimentation, boissons et tabacs",206.9,import
T3/2010,2- Energie et lubrifiants,287.3,import
T3/2010,3- Produits bruts d'origine animale et vegetale,263.0,import
T3/2010,4- Produits bruts d'origine minerale,191.2,import
T3/2010,5- Demi-Produits,193.9,import
T3/2010,6- Produits finis d'equipement agricole,195.3,import
T3/2010,7- Produits finis d'equipement industriel,187.0,import
T3/2010,8- Produits finis de consommation,166.4,import
T3/2010,IMPORTATIONS,205.3,import
T4/2010,"1- Alimentation, boissons et tabacs",176.6,export
T4/2010,2- Energie et lubrifiants,252.7,export
T4/2010,3- Produits bruts d'origine animale et vegetale,217.0,export
T4/2010,4- Produits bruts d'origine minerale,347.6,export
T4/2010,5- Demi-Produits,290.1,export
T4/2010,6- Produits finis d'equipement agricole,184.4,export
T4/2010,7- Produits finis d'equipement industriel,184.4,export
T4/2010,8- Produits finis de consommation,151.1,export
T4/2010,EXPORTATIONS,205.5,export
T4/2010,"1- Alimentation, boissons et tabacs",253.3,import
T4/2010,2- Energie et lubrifiants,328.7,import
T4/2010,3- Produits bruts d'origine animale et vegetale,271.3,import
T4/2010,4- Produits bruts d'origine minerale,225.0,import
T4/2010,5- Demi-Produits,211.4,import
T4/2010,6- Produits finis d'equipement agricole,165.0,import
T4/2010,7- Produits finis d'equipement industriel,180.6,import
T4/2010,8- Produits finis de consommation,169.8,import
T4/2010,IMPORTATIONS,217.2,import
T1/2011,"1- Alimentation, boissons et tabacs",182.7,export
T1/2011,2- Energie et lubrifiants,532.3,export
T1/2011,3- Produits bruts d'origine animale et vegetale,225.0,export
T1/2011,4- Produits bruts d'origine minerale,360.1,export
T1/2011,5- Demi-Produits,297.0,export
T1/2011,6- Produits finis d'equipement agricole,164.4,export
T1/2011,7- Produits finis d'equipement industriel,164.4,export
T1/2011,8- Produits finis de consommation,143.4,export
T1/2011,EXPORTATIONS,205.9,export
T1/2011,"1- Alimentation, boissons et tabacs",323.4,import
T1/2011,2- Energie et lubrifiants,364.8,import
T1/2011,3- Produits bruts d'origine animale et vegetale,326.5,import
T1/2011,4- Produits bruts d'origine minerale,300.6,import
T1/2011,5- Demi-Produits,229.8,import
T1/2011,6- Produits finis d'equipement agricole,182.7,import
T1/2011,7- Produits finis d'equipement industriel,175.2,import
T1/2011,8- Produits finis de consommation,181.8,import
T1/2011,IMPORTATIONS,240.9,import
T2/2011,"1- Alimentation, boissons et tabacs",168.2,export
T2/2011,2- Energie et lubrifiants,503.6,export
T2/2011,3- Produits bruts d'origine animale et vegetale,213.2,export
T2/2011,4- Produits bruts d'origine minerale,347.3,export
T2/2011,5- Demi-Produits,307.1,export
T2/2011,6- Produits finis d'equipement agricole,168.7,export
T2/2011,7- Produits finis d'equipement industriel,168.7,export
T2/2011,8- Produits finis de consommation,147.5,export
T2/2011,EXPORTATIONS,205.9,export
T2/2011,"1- Alimentation, boissons et tabacs",250.9,import
T2/2011,2- Energie et lubrifiants,408.9,import
T2/2011,3- Produits bruts d'origine animale et vegetale,278.6,import
T2/2011,4- Produits bruts d'origine minerale,339.1,import
T2/2011,5- Demi-Produits,238.0,import
T2/2011,6- Produits finis d'equipement agricole,181.9,import
T2/2011,7- Produits finis d'equipement industriel,180.9,import
T2/2011,8- Produits finis de consommation,180.5,import
T2/2011,IMPORTATIONS,242.3,import
T3/2011,"1- Alimentation, boissons et tabacs",160.0,export
T3/2011,2- Energie et lubrifiants,537.1,export
T3/2011,3- Produits bruts d'origine animale et vegetale,179.0,export
T3/2011,4- Produits bruts d'origine minerale,395.0,export
T3/2011,5- Demi-Produits,320.4,export
T3/2011,6- Produits finis d'equipement agricole,189.6,export
T3/2011,7- Produits finis d'equipement industriel,189.6,export
T3/2011,8- Produits finis de consommation,157.5,export
T3/2011,EXPORTATIONS,216.6,export
T3/2011,"1- Alimentation, boissons et tabacs",227.6,import
T3/2011,2- Energie et lubrifiants,385.8,import
T3/2011,3- Produits bruts d'origine animale et vegetale,317.5,import
T3/2011,4- Produits bruts d'origine minerale,434.3,import
T3/2011,5- Demi-Produits,243.2,import
T3/2011,6- Produits finis d'equipement agricole,193.2,import
T3/2011,7- Produits finis d'equipement industriel,185.0,import
T3/2011,8- Produits finis de consommation,182.8,import
T3/2011,IMPORTATIONS,242.6,import
T4/2011,"1- Alimentation, boissons et tabacs",179.0,export
T4/2011,2- Energie et lubrifiants,792.2,export
T4/2011,3- Produits bruts d'origine animale et vegetale,149.8,export
T4/2011,4- Produits bruts d'origine minerale,418.5,export
T4/2011,5- Demi-Produits,310.9,export
T4/2011,6- Produits finis d'equipement agricole,183.6,export
T4/2011,7- Produits finis d'equipement industriel,183.6,export
T4/2011,8- Produits finis de consommation,137.8,export
T4/2011,EXPORTATIONS,214.2,export
T4/2011,"1- Alimentation, boissons et tabacs",296.9,import
T4/2011,2- Energie et lubrifiants,390.3,import
T4/2011,3- Produits bruts d'origine animale et vegetale,293.4,import
T4/2011,4- Produits bruts d'origine minerale,373.5,import
T4/2011,5- Demi-Produits,251.1,import
T4/2011,6- Produits finis d'equipement agricole,190.8,import
T4/2011,7- Produits finis d'equipement industriel,208.8,import
T4/2011,8- Produits finis de consommation,189.8,import
T4/2011,IMPORTATIONS,254.2,import
T1/2012,"1- Alimentation, boissons et tabacs",177.8,export
T1/2012,2- Energie et lubrifiants,1235.7,export
T1/2012,3- Produits bruts d'origine animale et vegetale,146.9,export
T1/2012,4- Produits bruts d'origine minerale,404.1,export
T1/2012,5- Demi-Produits,311.2,export
T1/2012,6- Produits finis d'equipement agricole,206.4,export
T1/2012,7- Produits finis d'equipement industriel,206.4,export
T1/2012,8- Produits finis de consommation,158.9,export
T1/2012,EXPORTATIONS,228.2,export
T1/2012,"1- Alimentation, boissons et tabacs",271.7,import
T1/2012,2- Energie et lubrifiants,474.3,import
T1/2012,3- Produits bruts d'origine animale et vegetale,289.4,import
T1/2012,4- Produits bruts d'origine minerale,425.6,import
T1/2012,5- Demi-Produits,241.5,import
T1/2012,6- Produits finis d'equipement agricole,207.9,import
T1/2012,7- Produits finis d'equipement industriel,199.4,import
T1/2012,8- Produits finis de consommation,202.5,import
T1/2012,IMPORTATIONS,268.0,import
T2/2012,"1- Alimentation, boissons et tabacs",185.1,export
T2/2012,2- Energie et lubrifiants,619.3,export
T2/2012,3- Produits bruts d'origine animale et vegetale,166.1,export
T2/2012,4- Produits bruts d'origine minerale,341.6,export
T2/2012,5- Demi-Produits,286.2,export
T2/2012,6- Produits finis d'equipement agricole,176.9,export
T2/2012,7- Produits finis d'equipement industriel,176.9,export
T2/2012,8- Produits finis de consommation,167.4,export
T2/2012,EXPORTATIONS,212.2,export
T2/2012,"1- Alimentation, boissons et tabacs",289.0,import
T2/2012,2- Energie et lubrifiants,443.8,import
T2/2012,3- Produits bruts d'origine animale et vegetale,315.9,import
T2/2012,4- Produits bruts d'origine minerale,402.0,import
T2/2012,5- Demi-Produits,248.9,import
T2/2012,6- Produits finis d'equipement agricole,202.7,import
T2/2012,7- Produits finis d'equipement industriel,201.6,import
T2/2012,8- Produits finis de consommation,198.2,import
T2/2012,IMPORTATIONS,265.2,import
T3/2012,"1- Alimentation, boissons et tabacs",195.7,export
T3/2012,2- Energie et lubrifiants,904.5,export
T3/2012,3- Produits bruts d'origine animale et vegetale,208.0,export
T3/2012,4- Produits bruts d'origine minerale,408.8,export
T3/2012,5- Demi-Produits,311.5,export
T3/2012,6- Produits finis d'equipement agricole,163.0,export
T3/2012,7- Produits finis d'equipement industriel,163.0,export
T3/2012,8- Produits finis de consommation,180.9,export
T3/2012,EXPORTATIONS,229.1,export
T3/2012,"1- Alimentation, boissons et tabacs",279.0,import
T3/2012,2- Energie et lubrifiants,413.1,import
T3/2012,3- Produits bruts d'origine animale et vegetale,277.5,import
T3/2012,4- Produits bruts d'origine minerale,375.1,import
T3/2012,5- Demi-Produits,246.3,import
T3/2012,6- Produits finis d'equipement agricole,212.1,import
T3/2012,7- Produits finis d'equipement industriel,203.2,import
T3/2012,8- Produits finis de consommation,195.2,import
T3/2012,IMPORTATIONS,258.0,import
T4/2012,"1- Alimentation, boissons et tabacs",183.4,export
T4/2012,2- Energie et lubrifiants,1102.3,export
T4/2012,3- Produits bruts d'origine animale et vegetale,230.9,export
T4/2012,4- Produits bruts d'origine minerale,352.0,export
T4/2012,5- Demi-Produits,300.4,export
T4/2012,6- Produits finis d'equipement agricole,178.5,export
T4/2012,7- Produits finis d'equipement industriel,178.5,export
T4/2012,8- Produits finis de consommation,177.8,export
T4/2012,EXPORTATIONS,225.3,export
T4/2012,"1- Alimentation, boissons et tabacs",358.0,import
T4/2012,2- Energie et lubrifiants,523.1,import
T4/2012,3- Produits bruts d'origine animale et vegetale,292.3,import
T4/2012,4- Produits bruts d'origine minerale,403.9,import
T4/2012,5- Demi-Produits,239.0,import
T4/2012,6- Produits finis d'equipement agricole,186.3,import
T4/2012,7- Produits finis d'equipement industriel,203.9,import
T4/2012,8- Produits finis de consommation,188.3,import
T4/2012,IMPORTATIONS,277.6,import
T1/2013,"1- Alimentation, boissons et tabacs",99.7,export
T1/2013,3- Produits bruts d'origine animale et vegetale,98.2,export
T1/2013,4- Produits bruts d'origine minerale,89.1,export
T1/2013,6- Produits finis d'equipement agricole,99.7,export
T1/2013,7- Produits finis d'equipement industriel,101.4,export
T1/2013,8- Produits finis de consommation,103.9,export
T1/2013,DEMI  PRODUITS,100.4,export
T1/2013,ENERGIE  ET  LUBRIFIANTS,97.3,export
T1/2013,EXPORTATIONS,95.4,export
T1/2013,"1- Alimentation, boissons et tabacs",99.5,import
T1/2013,3- Produits bruts d'origine animale et vegetale,103.3,import
T1/2013,4- Produits bruts d'origine minerale,87.9,import
T1/2013,6- Produits finis d'equipement agricole,83.9,import
T1/2013,7- Produits finis d'equipement industriel,101.3,import
T1/2013,8- Produits finis de consommation,101.6,import
T1/2013,DEMI  PRODUITS,90.6,import
T1/2013,ENERGIE  ET  LUBRIFIANTS,68.8,import
T1/2013,IMPORTATIONS,99.9,import
T2/2013,"1- Alimentation, boissons et tabacs",100.0,export
T2/2013,3- Produits bruts d'origine animale et vegetale,95.7,export
T2/2013,4- Produits bruts d'origine minerale,86.2,export
T2/2013,6- Produits finis d'equipement agricole,98.3,export
T2/2013,7- Produits finis d'equipement industriel,100.1,export
T2/2013,8- Produits finis de consommation,105.3,export
T2/2013,DEMI  PRODUITS,99.3,export
T2/2013,ENERGIE  ET  LUBRIFIANTS,90.3,export
T2/2013,EXPORTATIONS,97.0,export
T2/2013,"1- Alimentation, boissons et tabacs",99.2,import
T2/2013,3- Produits bruts d'origine animale et vegetale,102.9,import
T2/2013,4- Produits bruts d'origine minerale,83.6,import
T2/2013,6- Produits finis d'equipement agricole,94.5,import
T2/2013,7- Produits finis d'equipement industriel,102.9,import
T2/2013,8- Produits finis de consommation,101.9,import
T2/2013,DEMI  PRODUITS,91.5,import
T2/2013,ENERGIE  ET  LUBRIFIANTS,106.5,import
T2/2013,IMPORTATIONS,97.6,import
T3/2013,"1- Alimentation, boissons et tabacs",97.3,export
T3/2013,3- Produits bruts d'origine animale et vegetale,95.1,export
T3/2013,4- Produits bruts d'origine minerale,74.9,export
T3/2013,6- Produits finis d'equipement agricole,99.3,export
T3/2013,7- Produits finis d'equipement industriel,102.1,export
T3/2013,8- Produits finis de consommation,105.0,export
T3/2013,DEMI  PRODUITS,98.1,export
T3/2013,ENERGIE  ET  LUBRIFIANTS,94.5,export
T3/2013,EXPORTATIONS,94.2,export
T3/2013,"1- Alimentation, boissons et tabacs",100.6,import
T3/2013,3- Produits bruts d'origine animale et vegetale,101.7,import
T3/2013,4- Produits bruts d'origine minerale,78.5,import
T3/2013,6- Produits finis d'equipement agricole,96.2,import
T3/2013,7- Produits finis d'equipement industriel,104.2,import
T3/2013,8- Produits finis de consommation,99.9,import
T3/2013,DEMI  PRODUITS,84.9,import
T3/2013,ENERGIE  ET  LUBRIFIANTS,101.6,import
T3/2013,IMPORTATIONS,98.2,import
T4/2013,"1- Alimentation, boissons et tabacs",93.1,export
T4/2013,3- Produits bruts d'origine animale et vegetale,91.4,export
T4/2013,4- Produits bruts d'origine minerale,62.8,export
T4/2013,6- Produits finis d'equipement agricole,104.0,export
T4/2013,7- Produits finis d'equipement industriel,100.9,export
T4/2013,8- Produits finis de consommation,105.7,export
T4/2013,DEMI  PRODUITS,98.9,export
T4/2013,ENERGIE  ET  LUBRIFIANTS,91.3,export
T4/2013,EXPORTATIONS,90.8,export
T4/2013,"1- Alimentation, boissons et tabacs",99.1,import
T4/2013,3- Produits bruts d'origine animale et vegetale,101.8,import
T4/2013,4- Produits bruts d'origine minerale,71.1,import
T4/2013,6- Produits finis d'equipement agricole,92.6,import
T4/2013,7- Produits finis d'equipement industriel,104.5,import
T4/2013,8- Produits finis de consommation,104.1,import
T4/2013,DEMI  PRODUITS,71.3,import
T4/2013,ENERGIE  ET  LUBRIFIANTS,97.4,import
T4/2013,IMPORTATIONS,96.6,import
T1/2014,"1- Alimentation, boissons et tabacs",93.0,export
T1/2014,3- Produits bruts d'origine animale et vegetale,91.9,export
T1/2014,4- Produits bruts d'origine minerale,75.3,export
T1/2014,6- Produits finis d'equipement agricole,98.8,export
T1/2014,7- Produits finis d'equipement industriel,100.4,export
T1/2014,8- Produits finis de consommation,107.3,export
T1/2014,DEMI  PRODUITS,97.3,export
T1/2014,ENERGIE  ET  LUBRIFIANTS,86.4,export
T1/2014,EXPORTATIONS,95.1,export
T1/2014,"1- Alimentation, boissons et tabacs",100.0,import
T1/2014,3- Produits bruts d'origine animale et vegetale,104.9,import
T1/2014,4- Produits bruts d'origine minerale,77.9,import
T1/2014,6- Produits finis d'equipement agricole,83.9,import
T1/2014,7- Produits finis d'equipement industriel,104.0,import
T1/2014,8- Produits finis de consommation,106.6,import
T1/2014,DEMI  PRODUITS,80.0,import
T1/2014,ENERGIE  ET  LUBRIFIANTS,112.1,import
T1/2014,IMPORTATIONS,95.2,import
T2/2014,"1- Alimentation, boissons et tabacs",96.4,export
T2/2014,3- Produits bruts d'origine animale et vegetale,92.2,export
T2/2014,4- Produits bruts d'origine minerale,87.8,export
T2/2014,6- Produits finis d'equipement agricole,102.0,export
T2/2014,7- Produits finis d'equipement industriel,100.4,export
T2/2014,8- Produits finis de consommation,106.5,export
T2/2014,DEMI  PRODUITS,97.7,export
T2/2014,ENERGIE  ET  LUBRIFIANTS,85.9,export
T2/2014,EXPORTATIONS,95.1,export
T2/2014,"1- Alimentation, boissons et tabacs",99.2,import
T2/2014,3- Produits bruts d'origine animale et vegetale,102.1,import
T2/2014,4- Produits bruts d'origine minerale,79.8,import
T2/2014,6- Produits finis d'equipement agricole,90.5,import
T2/2014,7- Produits finis d'equipement industriel,102.0,import
T2/2014,8- Produits finis de consommation,107.9,import
T2/2014,DEMI  PRODUITS,81.5,import
T2/2014,ENERGIE  ET  LUBRIFIANTS,104.3,import
T2/2014,IMPORTATIONS,95.8,import
T3/2014,"1- Alimentation, boissons et tabacs",93.2,export
T3/2014,3- Produits bruts d'origine animale et vegetale,92.6,export
T3/2014,4- Produits bruts d'origine minerale,87.9,export
T3/2014,6- Produits finis d'equipement agricole,99.7,export
T3/2014,7- Produits finis d'equipement industriel,103.2,export
T3/2014,8- Produits finis de consommation,107.1,export
T3/2014,DEMI  PRODUITS,96.9,export
T3/2014,ENERGIE  ET  LUBRIFIANTS,74.3,export
T3/2014,EXPORTATIONS,96.0,export
T3/2014,"1- Alimentation, boissons et tabacs",102.6,import
T3/2014,3- Produits bruts d'origine animale et vegetale,103.8,import
T3/2014,4- Produits bruts d'origine minerale,75.4,import
T3/2014,6- Produits finis d'equipement agricole,83.1,import
T3/2014,7- Produits finis d'equipement industriel,99.9,import
T3/2014,8- Produits finis de consommation,105.5,import
T3/2014,DEMI  PRODUITS,87.0,import
T3/2014,ENERGIE  ET  LUBRIFIANTS,104.2,import
T3/2014,IMPORTATIONS,91.9,import
T4/2014,"1- Alimentation, boissons et tabacs",92.2,export
T4/2014,3- Produits bruts d'origine animale et vegetale,90.9,export
T4/2014,4- Produits bruts d'origine minerale,90.2,export
T4/2014,6- Produits finis d'equipement agricole,99.8,export
T4/2014,7- Produits finis d'equipement industriel,102.8,export
T4/2014,8- Produits finis de consommation,106.9,export
T4/2014,DEMI  PRODUITS,97.7,export
T4/2014,ENERGIE  ET  LUBRIFIANTS,61.0,export
T4/2014,EXPORTATIONS,96.6,export
T4/2014,"1- Alimentation, boissons et tabacs",104.2,import
T4/2014,3- Produits bruts d'origine animale et vegetale,106.3,import
T4/2014,4- Produits bruts d'origine minerale,81.5,import
T4/2014,6- Produits finis d'equipement agricole,78.6,import
T4/2014,7- Produits finis d'equipement industriel,99.5,import
T4/2014,8- Produits finis de consommation,103.7,import
T4/2014,DEMI  PRODUITS,90.3,import
T4/2014,ENERGIE  ET  LUBRIFIANTS,90.5,import
T4/2014,IMPORTATIONS,88.1,import
T1/2015,"1- Alimentation, boissons et tabacs",95.5,export
T1/2015,3- Produits bruts d'origine animale et vegetale,90.0,export
T1/2015,4- Produits bruts d'origine minerale,91.4,export
T1/2015,6- Produits finis d'equipement agricole,97.2,export
T1/2015,7- Produits finis d'equipement industriel,101.4,export
T1/2015,8- Produits finis de consommation,108.0,export
T1/2015,DEMI  PRODUITS,96.3,export
T1/2015,ENERGIE  ET  LUBRIFIANTS,55.5,export
T1/2015,EXPORTATIONS,97.6,export
T1/2015,"1- Alimentation, boissons et tabacs",105.7,import
T1/2015,3- Produits bruts d'origine animale et vegetale,109.1,import
T1/2015,4- Produits bruts d'origine minerale,91.9,import
T1/2015,6- Produits finis d'equipement agricole,85.5,import
T1/2015,7- Produits finis d'equipement industriel,94.4,import
T1/2015,8- Produits finis de consommation,102.0,import
T1/2015,DEMI  PRODUITS,96.4,import
T1/2015,ENERGIE  ET  LUBRIFIANTS,60.4,import
T1/2015,IMPORTATIONS,86.9,import
T2/2015,"1- Alimentation, boissons et tabacs",94.6,export
T2/2015,3- Produits bruts d'origine animale et vegetale,91.3,export
T2/2015,4- Produits bruts d'origine minerale,117.0,export
T2/2015,6- Produits finis d'equipement agricole,101.6,export
T2/2015,7- Produits finis d'equipement industriel,103.2,export
T2/2015,8- Produits finis de consommation,108.3,export
T2/2015,DEMI  PRODUITS,97.2,export
T2/2015,ENERGIE  ET  LUBRIFIANTS,59.4,export
T2/2015,EXPORTATIONS,100.0,export
T2/2015,"1- Alimentation, boissons et tabacs",105.4,import
T2/2015,3- Produits bruts d'origine animale et vegetale,109.1,import
T2/2015,4- Produits bruts d'origine minerale,95.1,import
T2/2015,6- Produits finis d'equipement agricole,85.1,import
T2/2015,7- Produits finis d'equipement industriel,101.6,import
T2/2015,8- Produits finis de consommation,103.2,import
T2/2015,DEMI  PRODUITS,97.0,import
T2/2015,ENERGIE  ET  LUBRIFIANTS,84.2,import
T2/2015,IMPORTATIONS,89.2,import
T3/2015,"1- Alimentation, boissons et tabacs",90.9,export
T3/2015,3- Produits bruts d'origine animale et vegetale,88.9,export
T3/2015,4- Produits bruts d'origine minerale,94.3,export
T3/2015,6- Produits finis d'equipement agricole,100.1,export
T3/2015,7- Produits finis d'equipement industriel,103.2,export
T3/2015,8- Produits finis de consommation,107.9,export
T3/2015,DEMI  PRODUITS,96.8,export
T3/2015,ENERGIE  ET  LUBRIFIANTS,58.7,export
T3/2015,EXPORTATIONS,100.2,export
T3/2015,"1- Alimentation, boissons et tabacs",105.6,import
T3/2015,3- Produits bruts d'origine animale et vegetale,107.6,import
T3/2015,4- Produits bruts d'origine minerale,93.6,import
T3/2015,6- Produits finis d'equipement agricole,77.7,import
T3/2015,7- Produits finis d'equipement industriel,100.8,import
T3/2015,8- Produits finis de consommation,104.0,import
T3/2015,DEMI  PRODUITS,95.5,import
T3/2015,ENERGIE  ET  LUBRIFIANTS,106.7,import
T3/2015,IMPORTATIONS,87.9,import
T4/2015,"1- Alimentation, boissons et tabacs",88.8,export
T4/2015,3- Produits bruts d'origine animale et vegetale,88.3,export
T4/2015,4- Produits bruts d'origine minerale,83.1,export
T4/2015,6- Produits finis d'equipement agricole,100.6,export
T4/2015,7- Produits finis d'equipement industriel,102.5,export
T4/2015,8- Produits finis de consommation,107.3,export
T4/2015,DEMI  PRODUITS,95.7,export
T4/2015,ENERGIE  ET  LUBRIFIANTS,58.5,export
T4/2015,EXPORTATIONS,97.8,export
T4/2015,"1- Alimentation, boissons et tabacs",105.2,import
T4/2015,3- Produits bruts d'origine animale et vegetale,109.3,import
T4/2015,4- Produits bruts d'origine minerale,86.6,import
T4/2015,6- Produits finis d'equipement agricole,81.7,import
T4/2015,7- Produits finis d'equipement industriel,97.5,import
T4/2015,8- Produits finis de consommation,105.1,import
T4/2015,DEMI  PRODUITS,90.8,import
T4/2015,ENERGIE  ET  LUBRIFIANTS,104.4,import
T4/2015,IMPORTATIONS,87.2,import
T1/2016,"1- Alimentation, boissons et tabacs",85.9,export
T1/2016,3- Produits bruts d'origine animale et vegetale,87.7,export
T1/2016,4- Produits bruts d'origine minerale,86.3,export
T1/2016,6- Produits finis d'equipement agricole,103.6,export
T1/2016,7- Produits finis d'equipement industriel,104.2,export
T1/2016,8- Produits finis de consommation,107.8,export
T1/2016,DEMI  PRODUITS,93.4,export
T1/2016,ENERGIE  ET  LUBRIFIANTS,44.1,export
T1/2016,EXPORTATIONS,94.3,export
T1/2016,"1- Alimentation, boissons et tabacs",105.6,import
T1/2016,3- Produits bruts d'origine animale et vegetale,117.3,import
T1/2016,4- Produits bruts d'origine minerale,78.2,import
T1/2016,6- Produits finis d'equipement agricole,123.4,import
T1/2016,7- Produits finis d'equipement industriel,96.5,import
T1/2016,8- Produits finis de consommation,104.4,import
T1/2016,DEMI  PRODUITS,88.5,import
T1/2016,ENERGIE  ET  LUBRIFIANTS,26.3,import
T1/2016,IMPORTATIONS,83.1,import
T2/2016,"1- Alimentation, boissons et tabacs",86.3,export
T2/2016,3- Produits bruts d'origine animale et vegetale,88.4,export
T2/2016,4- Produits bruts d'origine minerale,71.5,export
T2/2016,6- Produits finis d'equipement agricole,102.9,export
T2/2016,7- Produits finis d'equipement industriel,103.1,export
T2/2016,8- Produits finis de consommation,108.4,export
T2/2016,DEMI  PRODUITS,92.4,export
T2/2016,ENERGIE  ET  LUBRIFIANTS,46.8,export
T2/2016,EXPORTATIONS,98.8,export
T2/2016,"1- Alimentation, boissons et tabacs",110.1,import
T2/2016,3- Produits bruts d'origine animale et vegetale,113.6,import
T2/2016,4- Produits bruts d'origine minerale,105.3,import
T2/2016,6- Produits finis d'equipement agricole,91.0,import
T2/2016,7- Produits finis d'equipement industriel,98.4,import
T2/2016,8- Produits finis de consommation,105.1,import
T2/2016,DEMI  PRODUITS,84.4,import
T2/2016,ENERGIE  ET  LUBRIFIANTS,73.4,import
T2/2016,IMPORTATIONS,83.1,import
T3/2016,"1- Alimentation, boissons et tabacs",89.7,export
T3/2016,3- Produits bruts d'origine animale et vegetale,90.2,export
T3/2016,4- Produits bruts d'origine minerale,63.6,export
T3/2016,6- Produits finis d'equipement agricole,102.6,export
T3/2016,7- Produits finis d'equipement industriel,105.4,export
T3/2016,8- Produits finis de consommation,107.7,export
T3/2016,DEMI  PRODUITS,92.7,export
T3/2016,ENERGIE  ET  LUBRIFIANTS,49.6,export
T3/2016,EXPORTATIONS,93.8,export
T3/2016,"1- Alimentation, boissons et tabacs",114.3,import
T3/2016,3- Produits bruts d'origine animale et vegetale,115.8,import
T3/2016,4- Produits bruts d'origine minerale,73.9,import
T3/2016,6- Produits finis d'equipement agricole,99.3,import
T3/2016,7- Produits finis d'equipement industriel,96.7,import
T3/2016,8- Produits finis de consommation,102.9,import
T3/2016,DEMI  PRODUITS,78.7,import
T3/2016,ENERGIE  ET  LUBRIFIANTS,79.0,import
T3/2016,IMPORTATIONS,84.4,import
T4/2016,"1- Alimentation, boissons et tabacs",89.5,export
T4/2016,3- Produits bruts d'origine animale et vegetale,92.3,export
T4/2016,4- Produits bruts d'origine minerale,63.5,export
T4/2016,6- Produits finis d'equipement agricole,100.2,export
T4/2016,7- Produits finis d'equipement industriel,101.5,export
T4/2016,8- Produits finis de consommation,106.2,export
T4/2016,DEMI  PRODUITS,91.6,export
T4/2016,ENERGIE  ET  LUBRIFIANTS,72.7,export
T4/2016,EXPORTATIONS,93.0,export
T4/2016,"1- Alimentation, boissons et tabacs",108.3,import
T4/2016,3- Produits bruts d'origine animale et vegetale,115.3,import
T4/2016,4- Produits bruts d'origine minerale,71.4,import
T4/2016,6- Produits finis d'equipement agricole,104.7,import
T4/2016,7- Produits finis d'equipement industriel,99.2,import
T4/2016,8- Produits finis de consommation,100.5,import
T4/2016,DEMI  PRODUITS,78.7,import
T4/2016,ENERGIE  ET  LUBRIFIANTS,78.3,import
T4/2016,IMPORTATIONS,89.7,import
T1/2017,"1- Alimentation, boissons et tabacs",92.5,export
T1/2017,3- Produits bruts d'origine animale et vegetale,94.3,export
T1/2017,4- Produits bruts d'origine minerale,65.8,export
T1/2017,6- Produits finis d'equipement agricole,102.7,export
T1/2017,7- Produits finis d'equipement industriel,101.3,export
T1/2017,8- Produits finis de consommation,107.4,export
T1/2017,DEMI  PRODUITS,93.1,export
T1/2017,ENERGIE  ET  LUBRIFIANTS,67.0,export
T1/2017,EXPORTATIONS,93.9,export
T1/2017,"1- Alimentation, boissons et tabacs",112.4,import
T1/2017,3- Produits bruts d'origine animale et vegetale,126.5,import
T1/2017,4- Produits bruts d'origine minerale,77.3,import
T1/2017,6- Produits finis d'equipement agricole,133.0,import
T1/2017,7- Produits finis d'equipement industriel,96.2,import
T1/2017,8- Produits finis de consommation,100.2,import
T1/2017,DEMI  PRODUITS,79.1,import
T1/2017,ENERGIE  ET  LUBRIFIANTS,82.2,import
T1/2017,IMPORTATIONS,88.0,import
T2/2017,"1- Alimentation, boissons et tabacs",91.4,export
T2/2017,3- Produits bruts d'origine animale et vegetale,90.5,export
T2/2017,4- Produits bruts d'origine minerale,68.6,export
T2/2017,6- Produits finis d'equipement agricole,111.8,export
T2/2017,7- Produits finis d'equipement industriel,102.5,export
T2/2017,8- Produits finis de consommation,108.2,export
T2/2017,DEMI  PRODUITS,93.4,export
T2/2017,ENERGIE  ET  LUBRIFIANTS,60.0,export
T2/2017,EXPORTATIONS,95.3,export
T2/2017,"1- Alimentation, boissons et tabacs",109.7,import
T2/2017,3- Produits bruts d'origine animale et vegetale,128.5,import
T2/2017,4- Produits bruts d'origine minerale,77.5,import
T2/2017,6- Produits finis d'equipement agricole,157.2,import
T2/2017,7- Produits finis d'equipement industriel,102.0,import
T2/2017,8- Produits finis de consommation,100.8,import
T2/2017,DEMI  PRODUITS,80.7,import
T2/2017,ENERGIE  ET  LUBRIFIANTS,109.2,import
T2/2017,IMPORTATIONS,87.0,import
T3/2017,"1- Alimentation, boissons et tabacs",87.0,export
T3/2017,3- Produits bruts d'origine animale et vegetale,90.1,export
T3/2017,4- Produits bruts d'origine minerale,68.9,export
T3/2017,6- Produits finis d'equipement agricole,105.7,export
T3/2017,7- Produits finis d'equipement industriel,102.9,export
T3/2017,8- Produits finis de consommation,108.1,export
T3/2017,DEMI  PRODUITS,95.2,export
T3/2017,ENERGIE  ET  LUBRIFIANTS,61.4,export
T3/2017,EXPORTATIONS,94.7,export
T3/2017,"1- Alimentation, boissons et tabacs",110.1,import
T3/2017,3- Produits bruts d'origine animale et vegetale,130.4,import
T3/2017,4- Produits bruts d'origine minerale,76.2,import
T3/2017,6- Produits finis d'equipement agricole,156.5,import
T3/2017,7- Produits finis d'equipement industriel,101.6,import
T3/2017,8- Produits finis de consommation,101.6,import
T3/2017,DEMI  PRODUITS,78.3,import
T3/2017,ENERGIE  ET  LUBRIFIANTS,108.1,import
T3/2017,IMPORTATIONS,87.3,import
T4/2017,"1- Alimentation, boissons et tabacs",86.5,export
T4/2017,3- Produits bruts d'origine animale et vegetale,92.2,export
T4/2017,4- Produits bruts d'origine minerale,78.2,export
T4/2017,6- Produits finis d'equipement agricole,102.3,export
T4/2017,7- Produits finis d'equipement industriel,101.7,export
T4/2017,8- Produits finis de consommation,107.7,export
T4/2017,DEMI  PRODUITS,95.5,export
T4/2017,ENERGIE  ET  LUBRIFIANTS,68.6,export
T4/2017,EXPORTATIONS,95.7,export
T4/2017,"1- Alimentation, boissons et tabacs",112.9,import
T4/2017,3- Produits bruts d'origine animale et vegetale,128.5,import
T4/2017,4- Produits bruts d'origine minerale,75.7,import
T4/2017,6- Produits finis d'equipement agricole,103.7,import
T4/2017,7- Produits finis d'equipement industriel,101.1,import
T4/2017,8- Produits finis de consommation,102.2,import
T4/2017,DEMI  PRODUITS,79.4,import
T4/2017,ENERGIE  ET  LUBRIFIANTS,118.1,import
T4/2017,IMPORTATIONS,88.6,import
T1/2018,"1- Alimentation, boissons et tabacs",86.5,export
T1/2018,3- Produits bruts d'origine animale et vegetale,91.3,export
T1/2018,4- Produits bruts d'origine minerale,93.6,export
T1/2018,6- Produits finis d'equipement agricole,107.4,export
T1/2018,7- Produits finis d'equipement industriel,103.8,export
T1/2018,8- Produits finis de consommation,108.2,export
T1/2018,DEMI  PRODUITS,96.5,export
T1/2018,ENERGIE  ET  LUBRIFIANTS,70.1,export
T1/2018,EXPORTATIONS,99.0,export
T1/2018,"1- Alimentation, boissons et tabacs",115.5,import
T1/2018,3- Produits bruts d'origine animale et vegetale,139.1,import
T1/2018,4- Produits bruts d'origine minerale,85.1,import
T1/2018,6- Produits finis d'equipement agricole,162.1,import
T1/2018,7- Produits finis d'equipement industriel,104.1,import
T1/2018,8- Produits finis de consommation,103.9,import
T1/2018,DEMI  PRODUITS,82.6,import
T1/2018,ENERGIE  ET  LUBRIFIANTS,139.1,import
T1/2018,IMPORTATIONS,90.0,import
T2/2018,"1- Alimentation, boissons et tabacs",88.1,export
T2/2018,3- Produits bruts d'origine animale et vegetale,91.4,export
T2/2018,4- Produits bruts d'origine minerale,90.9,export
T2/2018,6- Produits finis d'equipement agricole,108.2,export
T2/2018,7- Produits finis d'equipement industriel,104.3,export
T2/2018,8- Produits finis de consommation,108.5,export
T2/2018,DEMI  PRODUITS,95.9,export
T2/2018,ENERGIE  ET  LUBRIFIANTS,77.1,export
T2/2018,EXPORTATIONS,99.3,export
T2/2018,"1- Alimentation, boissons et tabacs",114.1,import
T2/2018,3- Produits bruts d'origine animale et vegetale,134.3,import
T2/2018,4- Produits bruts d'origine minerale,78.4,import
T2/2018,6- Produits finis d'equipement agricole,156.9,import
T2/2018,7- Produits finis d'equipement industriel,104.7,import
T2/2018,8- Produits finis de consommation,103.0,import
T2/2018,DEMI  PRODUITS,87.3,import
T2/2018,ENERGIE  ET  LUBRIFIANTS,144.3,import
T2/2018,IMPORTATIONS,91.7,import
T3/2018,"1- Alimentation, boissons et tabacs",87.3,export
T3/2018,3- Produits bruts d'origine animale et vegetale,92.6,export
T3/2018,4- Produits bruts d'origine minerale,97.4,export
T3/2018,6- Produits finis d'equipement agricole,107.5,export
T3/2018,7- Produits finis d'equipement industriel,104.8,export
T3/2018,8- Produits finis de consommation,106.5,export
T3/2018,DEMI  PRODUITS,96.2,export
T3/2018,ENERGIE  ET  LUBRIFIANTS,80.8,export
T3/2018,EXPORTATIONS,100.5,export
T3/2018,"1- Alimentation, boissons et tabacs",116.0,import
T3/2018,3- Produits bruts d'origine animale et vegetale,129.9,import
T3/2018,4- Produits bruts d'origine minerale,70.0,import
T3/2018,6- Produits finis d'equipement agricole,203.4,import
T3/2018,7- Produits finis d'equipement industriel,107.2,import
T3/2018,8- Produits finis de consommation,101.9,import
T3/2018,DEMI  PRODUITS,92.8,import
T3/2018,ENERGIE  ET  LUBRIFIANTS,142.8,import
T3/2018,IMPORTATIONS,92.7,import
T4/2018,"1- Alimentation, boissons et tabacs",88.2,export
T4/2018,3- Produits bruts d'origine animale et vegetale,90.0,export
T4/2018,4- Produits bruts d'origine minerale,101.6,export
T4/2018,6- Produits finis d'equipement agricole,100.3,export
T4/2018,7- Produits finis d'equipement industriel,102.7,export
T4/2018,8- Produits finis de consommation,108.0,export
T4/2018,DEMI  PRODUITS,95.7,export
T4/2018,ENERGIE  ET  LUBRIFIANTS,81.6,export
T4/2018,EXPORTATIONS,99.5,export
T4/2018,"1- Alimentation, boissons et tabacs",113.6,import
T4/2018,3- Produits bruts d'origine animale et vegetale,131.2,import
T4/2018,4- Produits bruts d'origine minerale,76.7,import
T4/2018,6- Produits finis d'equipement agricole,181.4,import
T4/2018,7- Produits finis d'equipement industriel,103.1,import
T4/2018,8- Produits finis de consommation,100.1,import
T4/2018,DEMI  PRODUITS,94.1,import
T4/2018,ENERGIE  ET  LUBRIFIANTS,143.8,import
T4/2018,IMPORTATIONS,92.3,import
T1/2019,"1- Alimentation, boissons et tabacs",89.9,export
T1/2019,3- Produits bruts d'origine animale et vegetale,88.6,export
T1/2019,4- Produits bruts d'origine minerale,94.5,export
T1/2019,6- Produits finis d'equipement agricole,105.5,export
T1/2019,7- Produits finis d'equipement industriel,101.9,export
T1/2019,8- Produits finis de consommation,107.1,export
T1/2019,DEMI  PRODUITS,95.2,export
T1/2019,ENERGIE  ET  LUBRIFIANTS,71.4,export
T1/2019,EXPORTATIONS,98.8,export
T1/2019,"1- Alimentation, boissons et tabacs",114.1,import
T1/2019,3- Produits bruts d'origine animale et vegetale,131.6,import
T1/2019,4- Produits bruts d'origine minerale,78.8,import
T1/2019,6- Produits finis d'equipement agricole,180.5,import
T1/2019,7- Produits finis d'equipement industriel,104.1,import
T1/2019,8- Produits finis de consommation,100.3,import
T1/2019,DEMI  PRODUITS,89.6,import
T1/2019,ENERGIE  ET  LUBRIFIANTS,136.3,import
T1/2019,IMPORTATIONS,89.9,import
T2/2019,"1- Alimentation, boissons et tabacs",87.9,export
T2/2019,3- Produits bruts d'origine animale et vegetale,87.8,export
T2/2019,4- Produits bruts d'origine minerale,80.0,export
T2/2019,6- Produits finis d'equipement agricole,106.5,export
T2/2019,7- Produits finis d'equipement industriel,103.9,export
T2/2019,8- Produits finis de consommation,108.2,export
T2/2019,DEMI  PRODUITS,94.2,export
T2/2019,ENERGIE  ET  LUBRIFIANTS,75.5,export
T2/2019,EXPORTATIONS,96.9,export
T2/2019,"1- Alimentation, boissons et tabacs",111.8,import
T2/2019,3- Produits bruts d'origine animale et vegetale,129.6,import
T2/2019,4- Produits bruts d'origine minerale,76.5,import
T2/2019,6- Produits finis d'equipement agricole,152.7,import
T2/2019,7- Produits finis d'equipement industriel,99.8,import
T2/2019,8- Produits finis de consommation,99.5,import
T2/2019,DEMI  PRODUITS,88.3,import
T2/2019,ENERGIE  ET  LUBRIFIANTS,138.8,import
T2/2019,IMPORTATIONS,90.6,import
T3/2019,"1- Alimentation, boissons et tabacs",86.4,export
T3/2019,3- Produits bruts d'origine animale et vegetale,85.6,export
T3/2019,4- Produits bruts d'origine minerale,69.9,export
T3/2019,6- Produits finis d'equipement agricole,103.2,export
T3/2019,7- Produits finis d'equipement industriel,104.4,export
T3/2019,8- Produits finis de consommation,108.1,export
T3/2019,DEMI  PRODUITS,93.1,export
T3/2019,ENERGIE  ET  LUBRIFIANTS,67.8,export
T3/2019,EXPORTATIONS,95.9,export
T3/2019,"1- Alimentation, boissons et tabacs",112.0,import
T3/2019,3- Produits bruts d'origine animale et vegetale,136.6,import
T3/2019,4- Produits bruts d'origine minerale,76.0,import
T3/2019,6- Produits finis d'equipement agricole,168.7,import
T3/2019,7- Produits finis d'equipement industriel,101.5,import
T3/2019,8- Produits finis de consommation,100.4,import
T3/2019,DEMI  PRODUITS,81.8,import
T3/2019,ENERGIE  ET  LUBRIFIANTS,139.6,import
T3/2019,IMPORTATIONS,88.4,import
T1/2020,"1- Alimentation, boissons et tabacs",98.3,export
T1/2020,8- Produits finis de consommation,100.6,export
T1/2020,Demi  produits,89.5,export
T1/2020,EXPORTATIONS,97.4,export
T1/2020,Energie et  lubrifiants,92.9,export
T1/2020,Produits bruts d'origine animale et végétale,99.6,export
T1/2020,Produits bruts d'origine minérale,93.1,export
T1/2020,Produits finis d'équipement agricole,94.6,export
T1/2020,Produits finis d'équipement industriel,100.6,export
T2/2020,"1- Alimentation, boissons et tabacs",97.0,export
T2/2020,8- Produits finis de consommation,102.5,export
T2/2020,Demi  produits,93.5,export
T2/2020,EXPORTATIONS,98.4,export
T2/2020,Energie et  lubrifiants,70.0,export
T2/2020,Produits bruts d'origine animale et végétale,106.8,export
T2/2020,Produits bruts d'origine minérale,94.3,export
T2/2020,Produits finis d'équipement agricole,91.5,export
T2/2020,Produits finis d'équipement industriel,102.3,export
T3/2020,"1- Alimentation, boissons et tabacs",97.0,export
T3/2020,8- Produits finis de consommation,97.1,export
T3/2020,Demi  produits,90.8,export
T3/2020,EXPORTATIONS,97.3,export
T3/2020,Energie et  lubrifiants,69.4,export
T3/2020,Produits bruts d'origine animale et végétale,105.8,export
T3/2020,Produits bruts d'origine minérale,93.6,export
T3/2020,Produits finis d'équipement agricole,104.6,export
T3/2020,Produits finis d'équipement industriel,106.2,export
T4/2020,"1- Alimentation, boissons et tabacs",93.6,export
T4/2020,8- Produits finis de consommation,97.7,export
T4/2020,Demi  produits,92.6,export
T4/2020,EXPORTATIONS,97.3,export
T4/2020,Energie et  lubrifiants,70.6,export
T4/2020,Produits bruts d'origine animale et végétale,110.4,export
T4/2020,Produits bruts d'origine minérale,96.2,export
T4/2020,Produits finis d'équipement agricole,102.2,export
T4/2020,Produits finis d'équipement industriel,105.5,export
T1/2021,"1- Alimentation, boissons et tabacs",99.0,export
T1/2021,8- Produits finis de consommation,96.2,export
T1/2021,Demi  produits,102.0,export
T1/2021,EXPORTATIONS,99.2,export
T1/2021,Energie et  lubrifiants,78.2,export
T1/2021,Produits bruts d'origine animale et végétale,109.6,export
T1/2021,Produits bruts d'origine minérale,97.5,export
T1/2021,Produits finis d'équipement agricole,108.4,export
T1/2021,Produits finis d'équipement industriel,100.4,export
T2/2021,"1- Alimentation, boissons et tabacs",93.2,export
T2/2021,8- Produits finis de consommation,98.5,export
T2/2021,Demi  produits,127.7,export
T2/2021,EXPORTATIONS,106.0,export
T2/2021,Energie et  lubrifiants,85.6,export
T2/2021,Produits bruts d'origine animale et végétale,129.6,export
T2/2021,Produits bruts d'origine minérale,110.7,export
T2/2021,Produits finis d'équipement agricole,99.0,export
T2/2021,Produits finis d'équipement industriel,101.9,export
T3/2021,"1- Alimentation, boissons et tabacs",102.3,export
T3/2021,8- Produits finis de consommation,101.6,export
T3/2021,Demi  produits,153.4,export
T3/2021,EXPORTATIONS,115.6,export
T3/2021,Energie et  lubrifiants,99.6,export
T3/2021,Produits bruts d'origine animale et végétale,129.6,export
T3/2021,Produits bruts d'origine minérale,115.4,export
T3/2021,Produits finis d'équipement agricole,97.1,export
T3/2021,Produits finis d'équipement industriel,100.7,export
T4/2021,"1- Alimentation, boissons et tabacs",97.6,export
T4/2021,8- Produits finis de consommation,109.7,export
T4/2021,Demi  produits,172.1,export
T4/2021,EXPORTATIONS,121.2,export
T4/2021,Energie et  lubrifiants,131.0,export
T4/2021,Produits bruts d'origine animale et végétale,135.2,export
T4/2021,Produits bruts d'origine minérale,143.5,export
T4/2021,Produits finis d'équipement agricole,98.5,export
T4/2021,Produits finis d'équipement industriel,99.8,export
T1/2022,"1- Alimentation, boissons et tabacs",97.5,export
T1/2022,8- Produits finis de consommation,102.0,export
T1/2022,Demi  produits,194.4,export
T1/2022,EXPORTATIONS,124.2,export
T1/2022,Energie et  lubrifiants,123.0,export
T1/2022,Produits bruts d'origine animale et végétale,166.5,export
T1/2022,Produits bruts d'origine minérale,151.1,export
T1/2022,Produits finis d'équipement agricole,104.3,export
T1/2022,Produits finis d'équipement industriel,104.5,export
T2/2022,"1- Alimentation, boissons et tabacs",95.9,export
T2/2022,8- Produits finis de consommation,105.3,export
T2/2022,Demi  produits,245.9,export
T2/2022,EXPORTATIONS,135.7,export
T2/2022,Energie et  lubrifiants,137.7,export
T2/2022,Produits bruts d'origine animale et végétale,179.8,export
T2/2022,Produits bruts d'origine minérale,143.9,export
T2/2022,Produits finis d'équipement agricole,94.4,export
T2/2022,Produits finis d'équipement industriel,110.1,export
T3/2022,"1- Alimentation, boissons et tabacs",104.3,export
T3/2022,8- Produits finis de consommation,105.6,export
T3/2022,Demi  produits,239.8,export
T3/2022,EXPORTATIONS,142.0,export
T3/2022,Energie et  lubrifiants,129.9,export
T3/2022,Produits bruts d'origine animale et végétale,155.9,export
T3/2022,Produits bruts d'origine minérale,186.1,export
T3/2022,Produits finis d'équipement agricole,95.6,export
T3/2022,Produits finis d'équipement industriel,120.5,export
T4/2022,"1- Alimentation, boissons et tabacs",98.0,export
T4/2022,8- Produits finis de consommation,109.8,export
T4/2022,Demi  produits,186.0,export
T4/2022,EXPORTATIONS,134.2,export
T4/2022,Energie et  lubrifiants,144.7,export
T4/2022,Produits bruts d'origine animale et végétale,161.4,export
T4/2022,Produits bruts d'origine minérale,202.1,export
T4/2022,Produits finis d'équipement agricole,99.6,export
T4/2022,Produits finis d'équipement industriel,137.3,export
T1/2023,"1- Alimentation, boissons et tabacs",106.4,export
T1/2023,8- Produits finis de consommation,111.8,export
T1/2023,Demi  produits,164.1,export
T1/2023,EXPORTATIONS,129.3,export
T1/2023,Energie et  lubrifiants,120.9,export
T1/2023,Produits bruts d'origine animale et végétale,165.2,export
T1/2023,Produits bruts d'origine minérale,158.0,export
T1/2023,Produits finis d'équipement agricole,98.9,export
T1/2023,Produits finis d'équipement industriel,122.6,export
T2/2023,"1- Alimentation, boissons et tabacs",102.3,export
T2/2023,8- Produits finis de consommation,112.6,export
T2/2023,Demi  produits,146.2,export
T2/2023,EXPORTATIONS,125.0,export
T2/2023,Energie et  lubrifiants,98.1,export
T2/2023,Produits bruts d'origine animale et végétale,181.8,export
T2/2023,Produits bruts d'origine minérale,145.9,export
T2/2023,Produits finis d'équipement agricole,108.1,export
T2/2023,Produits finis d'équipement industriel,124.9,export
T3/2023,"1- Alimentation, boissons et tabacs",103.1,export
T3/2023,8- Produits finis de consommation,110.1,export
T3/2023,Demi  produits,117.3,export
T3/2023,EXPORTATIONS,116.3,export
T3/2023,Energie et  lubrifiants,94.8,export
T3/2023,Produits bruts d'origine animale et végétale,207.5,export
T3/2023,Produits bruts d'origine minérale,138.9,export
T3/2023,Produits finis d'équipement agricole,107.9,export
T3/2023,Produits finis d'équipement industriel,125.1,export
T4/2023,"1- Alimentation, boissons et tabacs",102.5,export
T4/2023,8- Produits finis de consommation,108.7,export
T4/2023,Demi  produits,145.0,export
T4/2023,EXPORTATIONS,122.6,export
T4/2023,Energie et  lubrifiants,102.3,export
T4/2023,Produits bruts d'origine animale et végétale,221.8,export
T4/2023,Produits bruts d'origine minérale,119.4,export
T4/2023,Produits finis d'équipement agricole,98.4,export
T4/2023,Produits finis d'équipement industriel,128.1,export
T1/2024,"1- Alimentation, boissons et tabacs",96.9,export
T1/2024,2- Energie et lubrifiants,97.0,export
T1/2024,3- Produits bruts d’origine animale et végétale,214.8,export
T1/2024,4- Produits bruts d’origine minérale,124.9,export
T1/2024,5- Demi-Produits,121.0,export
T1/2024,6- Produits finis d’équipement agricole,85.8,export
T1/2024,7- Produits finis d’équipement industriel,124.6,export
T1/2024,8- Produits finis de consommation,111.0,export
T1/2024,Demi  produits,121.0,export
T1/2024,EXPORTATIONS,117.2,export
T1/2024,Energie et  lubrifiants,97.0,export
T1/2024,Produits bruts d'origine animale et végétale,214.8,export
T1/2024,Produits bruts d'origine minérale,124.9,export
T1/2024,Produits finis d'équipement agricole,85.8,export
T1/2024,Produits finis d'équipement industriel,124.6,export
T1/2024,"1- Alimentation, boissons et tabacs",131.6,import
T1/2024,2- Energie et lubrifiants,109.8,import
T1/2024,3- Produits bruts d’origine animale et végétale,114.2,import
T1/2024,4- Produits bruts d’origine minérale,66.2,import
T1/2024,5- Demi-Produits,122.7,import
T1/2024,6- Produits finis d’équipement agricole,119.7,import
T1/2024,7- Produits finis d’équipement industriel,100.9,import
T1/2024,8- Produits finis de consommation,118.2,import
T2/2024,"1- Alimentation, boissons et tabacs",95.8,export
T2/2024,2- Energie et lubrifiants,97.7,export
T2/2024,3- Produits bruts d’origine animale et végétale,201.6,export
T2/2024,4- Produits bruts d’origine minérale,130.8,export
T2/2024,5- Demi-Produits,121.0,export
T2/2024,6- Produits finis d’équipement agricole,88.9,export
T2/2024,7- Produits finis d’équipement industriel,126.0,export
T2/2024,8- Produits finis de consommation,113.5,export
T2/2024,Demi  produits,121.0,export
T2/2024,EXPORTATIONS,118.1,export
T2/2024,Energie et  lubrifiants,97.7,export
T2/2024,Produits bruts d'origine animale et végétale,201.6,export
T2/2024,Produits bruts d'origine minérale,130.8,export
T2/2024,Produits finis d'équipement agricole,88.9,export
T2/2024,Produits finis d'équipement industriel,126.0,export
T2/2024,"1- Alimentation, boissons et tabacs",129.3,import
T2/2024,2- Energie et lubrifiants,104.0,import
T2/2024,3- Produits bruts d’origine animale et végétale,112.6,import
T2/2024,4- Produits bruts d’origine minérale,64.5,import
T2/2024,5- Demi-Produits,121.7,import
T2/2024,6- Produits finis d’équipement agricole,124.9,import
T2/2024,7- Produits finis d’équipement industriel,96.8,import
T2/2024,8- Produits finis de consommation,120.5,import
T2/2024,IMPORTATIONS,111.1,import
T3/2024,"1- Alimentation, boissons et tabacs",98.1,export
T3/2024,2- Energie et lubrifiants,97.9,export
T3/2024,3- Produits bruts d’origine animale et végétale,184.2,export
T3/2024,4- Produits bruts d’origine minérale,121.5,export
T3/2024,5- Demi-Produits,125.8,export
T3/2024,6- Produits finis d’équipement agricole,96.0,export
T3/2024,7- Produits finis d’équipement industriel,122.3,export
T3/2024,8- Produits finis de consommation,109.5,export
T3/2024,Demi  produits,125.8,export
T3/2024,EXPORTATIONS,116.9,export
T3/2024,Energie et  lubrifiants,97.9,export
T3/2024,Produits bruts d'origine animale et végétale,184.2,export
T3/2024,Produits bruts d'origine minérale,121.5,export
T3/2024,Produits finis d'équipement agricole,96.0,export
T3/2024,Produits finis d'équipement industriel,122.3,export
T3/2024,"1- Alimentation, boissons et tabacs",125.7,import
T3/2024,2- Energie et lubrifiants,97.8,import
T3/2024,3- Produits bruts d’origine animale et végétale,112.3,import
T3/2024,4- Produits bruts d’origine minérale,64.4,import
T3/2024,5- Demi-Produits,126.5,import
T3/2024,6- Produits finis d’équipement agricole,110.7,import
T3/2024,7- Produits finis d’équipement industriel,99.6,import
T3/2024,8- Produits finis de consommation,117.6,import
T3/2024,IMPORTATIONS,110.8,import
T4/2024,"1- Alimentation, boissons et tabacs",94.8,export
T4/2024,2- Energie et lubrifiants,97.4,export
T4/2024,3- Produits bruts d’origine animale et végétale,171.5,export
T4/2024,4- Produits bruts d’origine minérale,115.3,export
T4/2024,5- Demi-Produits,128.1,export
T4/2024,6- Produits finis d’équipement agricole,90.2,export
T4/2024,7- Produits finis d’équipement industriel,116.4,export
T4/2024,8- Produits finis de consommation,109.1,export
T4/2024,Demi  produits,128.1,export
T4/2024,EXPORTATIONS,115.1,export
T4/2024,Energie et  lubrifiants,97.4,export
T4/2024,Produits bruts d'origine animale et végétale,171.5,export
T4/2024,Produits bruts d'origine minérale,115.3,export
T4/2024,Produits finis d'équipement agricole,90.2,export
T4/2024,Produits finis d'équipement industriel,116.4,export
T4/2024,"1- Alimentation, boissons et tabacs",129.5,import
T4/2024,2- Energie et lubrifiants,98.0,import
T4/2024,3- Produits bruts d’origine animale et végétale,111.7,import
T4/2024,4- Produits bruts d’origine minérale,72.4,import
T4/2024,5- Demi-Produits,122.6,import
T4/2024,6- Produits finis d’équipement agricole,104.8,import
T4/2024,7- Produits finis d’équipement industriel,102.1,import
T4/2024,8- Produits finis de consommation,115.5,import
T4/2024,IMPORTATIONS,111.1,import
T1/2025,"1- Alimentation, boissons et tabacs",100.7,export
T1/2025,2- Energie et lubrifiants,89.5,export
T1/2025,3- Produits bruts d’origine animale et végétale,164.7,export
T1/2025,4- Produits bruts d’origine minérale,121.3,export
T1/2025,5- Demi-Produits,131.1,export
T1/2025,6- Produits finis d’équipement agricole,73.8,export
T1/2025,7- Produits finis d’équipement industriel,117.4,export
T1/2025,8- Produits finis de consommation,108.2,export
T1/2025,Demi  produits,131.1,export
T1/2025,EXPORTATIONS,117.0,export
T1/2025,Energie et  lubrifiants,89.5,export
T1/2025,Produits bruts d'origine animale et végétale,164.7,export
T1/2025,Produits bruts d'origine minérale,121.3,export
T1/2025,Produits finis d'équipement agricole,73.8,export
T1/2025,Produits finis d'équipement industriel,117.4,export
T1/2025,"1- Alimentation, boissons et tabacs",132.2,import
T1/2025,2- Energie et lubrifiants,98.2,import
T1/2025,3- Produits bruts d’origine animale et végétale,112.5,import
T1/2025,4- Produits bruts d’origine minérale,84.5,import
T1/2025,5- Demi-Produits,119.7,import
T1/2025,6- Produits finis d’équipement agricole,112.1,import
T1/2025,7- Produits finis d’équipement industriel,96.9,import
T1/2025,8- Produits finis de consommation,113.7,import
T1/2025,IMPORTATIONS,109.3,import
T2/2025,"1- Alimentation, boissons et tabacs",94.9,export
T2/2025,2- Energie et lubrifiants,85.9,export
T2/2025,3- Produits bruts d’origine animale et végétale,151.3,export
T2/2025,4- Produits bruts d’origine minérale,116.4,export
T2/2025,5- Demi-Produits,132.9,export
T2/2025,6- Produits finis d’équipement agricole,77.9,export
T2/2025,7- Produits finis d’équipement industriel,118.7,export
T2/2025,8- Produits finis de consommation,111.1,export
T2/2025,Demi  produits,132.9,export
T2/2025,EXPORTATIONS,117.1,export
T2/2025,Energie et  lubrifiants,85.9,export
T2/2025,Produits bruts d'origine animale et végétale,151.3,export
T2/2025,Produits bruts d'origine minérale,116.4,export
T2/2025,Produits finis d'équipement agricole,77.9,export
T2/2025,Produits finis d'équipement industriel,118.7,export
T2/2025,"1- Alimentation, boissons et tabacs",127.1,import
T2/2025,2- Energie et lubrifiants,84.0,import
T2/2025,3- Produits bruts d’origine animale et végétale,107.5,import
T2/2025,4- Produits bruts d’origine minérale,98.6,import
T2/2025,5- Demi-Produits,116.3,import
T2/2025,6- Produits finis d’équipement agricole,98.7,import
T2/2025,7- Produits finis d’équipement industriel,92.1,import
T2/2025,8- Produits finis de consommation,113.3,import
T2/2025,IMPORTATIONS,104.8,import
T3/2025,"1- Alimentation, boissons et tabacs",95.2,export
T3/2025,2- Energie et lubrifiants,76.1,export
T3/2025,3- Produits bruts d’origine animale et végétale,152.4,export
T3/2025,4- Produits bruts d’origine minérale,126.5,export
T3/2025,5- Demi-Produits,139.2,export
T3/2025,6- Produits finis d’équipement agricole,82.2,export
T3/2025,7- Produits finis d’équipement industriel,117.2,export
T3/2025,8- Produits finis de consommation,107.7,export
T3/2025,Demi  produits,139.2,export
T3/2025,EXPORTATIONS,117.4,export
T3/2025,Energie et  lubrifiants,76.1,export
T3/2025,Produits bruts d'origine animale et végétale,152.4,export
T3/2025,Produits bruts d'origine minérale,126.5,export
T3/2025,Produits finis d'équipement agricole,82.2,export
T3/2025,Produits finis d'équipement industriel,117.2,export
T3/2025,"1- Alimentation, boissons et tabacs",120.9,import
T3/2025,2- Energie et lubrifiants,86.5,import
T3/2025,3- Produits bruts d’origine animale et végétale,109.7,import
T3/2025,4- Produits bruts d’origine minérale,109.3,import
T3/2025,5- Demi-Produits,115.5,import
T3/2025,6- Produits finis d’équipement agricole,111.2,import
T3/2025,7- Produits finis d’équipement industriel,90.9,import
T3/2025,8- Produits finis de consommation,114.0,import
T3/2025,IMPORTATIONS,104.4,import
